-- Teams
insert into nationality (ID, name) values (1,'Afghanistan');
insert into nationality (ID, name) values (2,'Albania');
insert into nationality (ID, name) values (3,'Algeria');
insert into nationality (ID, name) values (4,'Andorra');
insert into nationality (ID, name) values (5,'Angola');
insert into nationality (ID, name) values (6,'Antigua & Barbuda');
insert into nationality (ID, name) values (7,'Argentina');
insert into nationality (ID, name) values (8,'Armenia');
insert into nationality (ID, name) values (9,'Australia');
insert into nationality (ID, name) values (10,'Austria');
insert into nationality (ID, name) values (11,'Azerbaijan');
insert into nationality (ID, name) values (12,'Bahamas');
insert into nationality (ID, name) values (13,'Bahrain');
insert into nationality (ID, name) values (14,'Bangladesh');
insert into nationality (ID, name) values (15,'Barbados');
insert into nationality (ID, name) values (16,'Belarus');
insert into nationality (ID, name) values (17,'Belgium');
insert into nationality (ID, name) values (18,'Belize');
insert into nationality (ID, name) values (19,'Benin');
insert into nationality (ID, name) values (20,'Bhutan');
insert into nationality (ID, name) values (21,'Bolivia');
insert into nationality (ID, name) values (22,'Bosnia & Herzegovina');
insert into nationality (ID, name) values (23,'Botswana');
insert into nationality (ID, name) values (24,'Brazil');
insert into nationality (ID, name) values (25,'Brunei');
insert into nationality (ID, name) values (26,'Bulgaria');
insert into nationality (ID, name) values (27,'Burkina Faso');
insert into nationality (ID, name) values (28,'Burundi');
insert into nationality (ID, name) values (29,'Cabo Verde');
insert into nationality (ID, name) values (30,'Cambodia');
insert into nationality (ID, name) values (31,'Cameroon');
insert into nationality (ID, name) values (32,'Canada');
insert into nationality (ID, name) values (33,'Central African Republic');
insert into nationality (ID, name) values (34,'Chad');
insert into nationality (ID, name) values (35,'Chile');
insert into nationality (ID, name) values (36,'China');
insert into nationality (ID, name) values (37,'Colombia');
insert into nationality (ID, name) values (38,'Comoros');
insert into nationality (ID, name) values (39,'Congo');
insert into nationality (ID, name) values (40,'Costa Rica');
insert into nationality (ID, name) values (41,'Côte dIvoire');
insert into nationality (ID, name) values (42,'Croatia');
insert into nationality (ID, name) values (43,'Cuba');
insert into nationality (ID, name) values (44,'Cyprus');
insert into nationality (ID, name) values (45,'Czech Republic');
insert into nationality (ID, name) values (46,'Denmark');
insert into nationality (ID, name) values (47,'Djibouti');
insert into nationality (ID, name) values (48,'Dominica');
insert into nationality (ID, name) values (49,'Dominican Republic');
insert into nationality (ID, name) values (50,'DR Congo');
insert into nationality (ID, name) values (51,'Ecuador');
insert into nationality (ID, name) values (52,'Egypt');
insert into nationality (ID, name) values (53,'El Salvador');
insert into nationality (ID, name) values (54,'Equatorial Guinea');
insert into nationality (ID, name) values (55,'Eritrea');
insert into nationality (ID, name) values (56,'Estonia');
insert into nationality (ID, name) values (57,'Eswatini');
insert into nationality (ID, name) values (58,'Ethiopia');
insert into nationality (ID, name) values (59,'Fiji');
insert into nationality (ID, name) values (60,'Finland');
insert into nationality (ID, name) values (61,'France');
insert into nationality (ID, name) values (62,'Gabon');
insert into nationality (ID, name) values (63,'Gambia');
insert into nationality (ID, name) values (64,'Georgia');
insert into nationality (ID, name) values (65,'Germany');
insert into nationality (ID, name) values (66,'Ghana');
insert into nationality (ID, name) values (67,'Greece');
insert into nationality (ID, name) values (68,'Grenada');
insert into nationality (ID, name) values (69,'Guatemala');
insert into nationality (ID, name) values (70,'Guinea');
insert into nationality (ID, name) values (71,'Guinea-Bissau');
insert into nationality (ID, name) values (72,'Guyana');
insert into nationality (ID, name) values (73,'Haiti');
insert into nationality (ID, name) values (74,'Holy See');
insert into nationality (ID, name) values (75,'Honduras');
insert into nationality (ID, name) values (76,'Hungary');
insert into nationality (ID, name) values (77,'Iceland');
insert into nationality (ID, name) values (78,'India');
insert into nationality (ID, name) values (79,'Indonesia');
insert into nationality (ID, name) values (80,'Iran');
insert into nationality (ID, name) values (81,'Iraq');
insert into nationality (ID, name) values (82,'Ireland');
insert into nationality (ID, name) values (83,'Israel');
insert into nationality (ID, name) values (84,'Italy');
insert into nationality (ID, name) values (85,'Jamaica');
insert into nationality (ID, name) values (86,'Japan');
insert into nationality (ID, name) values (87,'Jordan');
insert into nationality (ID, name) values (88,'Kazakhstan');
insert into nationality (ID, name) values (89,'Kenya');
insert into nationality (ID, name) values (90,'Kiribati');
insert into nationality (ID, name) values (91,'Kuwait');
insert into nationality (ID, name) values (92,'Kyrgyzstan');
insert into nationality (ID, name) values (93,'Laos');
insert into nationality (ID, name) values (94,'Latvia');
insert into nationality (ID, name) values (95,'Lebanon');
insert into nationality (ID, name) values (96,'Lesotho');
insert into nationality (ID, name) values (97,'Liberia');
insert into nationality (ID, name) values (98,'Libya');
insert into nationality (ID, name) values (99,'Liechtenstein');
insert into nationality (ID, name) values (100,'Lithuania');
insert into nationality (ID, name) values (101,'Luxembourg');
insert into nationality (ID, name) values (102,'Madagascar');
insert into nationality (ID, name) values (103,'Malawi');
insert into nationality (ID, name) values (104,'Malaysia');
insert into nationality (ID, name) values (105,'Maldives');
insert into nationality (ID, name) values (106,'Mali');
insert into nationality (ID, name) values (107,'Malta');
insert into nationality (ID, name) values (108,'Marshall Islands');
insert into nationality (ID, name) values (109,'Mauritania');
insert into nationality (ID, name) values (110,'Mauritius');
insert into nationality (ID, name) values (111,'Mexico');
insert into nationality (ID, name) values (112,'Micronesia');
insert into nationality (ID, name) values (113,'Moldova');
insert into nationality (ID, name) values (114,'Monaco');
insert into nationality (ID, name) values (115,'Mongolia');
insert into nationality (ID, name) values (116,'Montenegro');
insert into nationality (ID, name) values (117,'Morocco');
insert into nationality (ID, name) values (118,'Mozambique');
insert into nationality (ID, name) values (119,'Myanmar');
insert into nationality (ID, name) values (120,'Namibia');
insert into nationality (ID, name) values (121,'Nauru');
insert into nationality (ID, name) values (122,'Nepal');
insert into nationality (ID, name) values (123,'Netherlands');
insert into nationality (ID, name) values (124,'New Zealand');
insert into nationality (ID, name) values (125,'Nicaragua');
insert into nationality (ID, name) values (126,'Niger');
insert into nationality (ID, name) values (127,'Nigeria');
insert into nationality (ID, name) values (128,'North Korea');
insert into nationality (ID, name) values (129,'North Macedonia');
insert into nationality (ID, name) values (130,'Norway');
insert into nationality (ID, name) values (131,'Oman');
insert into nationality (ID, name) values (132,'Pakistan');
insert into nationality (ID, name) values (133,'Palau');
insert into nationality (ID, name) values (134,'Panama');
insert into nationality (ID, name) values (135,'Papua New Guinea');
insert into nationality (ID, name) values (136,'Paraguay');
insert into nationality (ID, name) values (137,'Peru');
insert into nationality (ID, name) values (138,'Philippines');
insert into nationality (ID, name) values (139,'Poland');
insert into nationality (ID, name) values (140,'Portugal');
insert into nationality (ID, name) values (141,'Qatar');
insert into nationality (ID, name) values (142,'Romania');
insert into nationality (ID, name) values (143,'Russia');
insert into nationality (ID, name) values (144,'Rwanda');
insert into nationality (ID, name) values (145,'Saint Kitts & Nevis');
insert into nationality (ID, name) values (146,'Saint Lucia');
insert into nationality (ID, name) values (147,'Samoa');
insert into nationality (ID, name) values (148,'San Marino');
insert into nationality (ID, name) values (149,'Sao Tome & Principe');
insert into nationality (ID, name) values (150,'Saudi Arabia');
insert into nationality (ID, name) values (151,'Senegal');
insert into nationality (ID, name) values (152,'Serbia');
insert into nationality (ID, name) values (153,'Seychelles');
insert into nationality (ID, name) values (154,'Sierra Leone');
insert into nationality (ID, name) values (155,'Singapore');
insert into nationality (ID, name) values (156,'Slovakia');
insert into nationality (ID, name) values (157,'Slovenia');
insert into nationality (ID, name) values (158,'Solomon Islands');
insert into nationality (ID, name) values (159,'Somalia');
insert into nationality (ID, name) values (160,'South Africa');
insert into nationality (ID, name) values (161,'South Korea');
insert into nationality (ID, name) values (162,'South Sudan');
insert into nationality (ID, name) values (163,'Spain');
insert into nationality (ID, name) values (164,'Sri Lanka');
insert into nationality (ID, name) values (165,'St. Vincent & Grenadines');
insert into nationality (ID, name) values (166,'State of Palestine');
insert into nationality (ID, name) values (167,'Sudan');
insert into nationality (ID, name) values (168,'Suriname');
insert into nationality (ID, name) values (169,'Sweden');
insert into nationality (ID, name) values (170,'Switzerland');
insert into nationality (ID, name) values (171,'Syria');
insert into nationality (ID, name) values (172,'Tajikistan');
insert into nationality (ID, name) values (173,'Tanzania');
insert into nationality (ID, name) values (174,'Thailand');
insert into nationality (ID, name) values (175,'Timor-Leste');
insert into nationality (ID, name) values (176,'Togo');
insert into nationality (ID, name) values (177,'Tonga');
insert into nationality (ID, name) values (178,'Trinidad & Tobago');
insert into nationality (ID, name) values (179,'Tunisia');
insert into nationality (ID, name) values (180,'Turkey');
insert into nationality (ID, name) values (181,'Turkmenistan');
insert into nationality (ID, name) values (182,'Tuvalu');
insert into nationality (ID, name) values (183,'Uganda');
insert into nationality (ID, name) values (184,'Ukraine');
insert into nationality (ID, name) values (185,'United Arab Emirates');
insert into nationality (ID, name) values (186,'United Kingdom');
insert into nationality (ID, name) values (187,'United States');
insert into nationality (ID, name) values (188,'Uruguay');
insert into nationality (ID, name) values (189,'Uzbekistan');
insert into nationality (ID, name) values (190,'Vanuatu');
insert into nationality (ID, name) values (191,'Venezuela');
insert into nationality (ID, name) values (192,'Vietnam');
insert into nationality (ID, name) values (193,'Yemen');
insert into nationality (ID, name) values (194,'Zambia');
insert into nationality (ID, name) values (195,'Zimbabwe');
insert into nationality (ID, name) values (196,'Wales');
insert into nationality (ID, name) values (197,'Scotland');
insert into nationality (ID, name) values (198,'Northern Ireland');

-- Teams
insert into team (id, name) values (1, 'Deportivo Alavés');
insert into team (id, name) values (2, 'Athletic Club');
insert into team (id, name) values (3, 'Atlético de Madrid');
insert into team (id, name) values (4, 'FC Barcelona');
insert into team (id, name) values (5, 'Real Betis');
insert into team (id, name) values (6, 'Celta de Vigo');
insert into team (id, name) values (7, 'Espanyol');
insert into team (id, name) values (8, 'Getafe');
insert into team (id, name) values (9, 'Girona');
insert into team (id, name) values (10, 'Las Palmas');
insert into team (id, name) values (11, 'Leganés');
insert into team (id, name) values (12, 'Real Mallorca');
insert into team (id, name) values (13, 'Osasuna');
insert into team (id, name) values (14, 'Rayo Vallecano');
insert into team (id, name) values (15, 'Real Madrid');
insert into team (id, name) values (16, 'Real Sociedad');
insert into team (id, name) values (17, 'Sevilla');
insert into team (id, name) values (18, 'Valencia');
insert into team (id, name) values (19, 'Valladolid');
insert into team (id, name) values (20, 'Villarreal');
insert into team (id, name) values (21,'Arsenal');
insert into team (id, name) values (22,'Aston Villa');
insert into team (id, name) values (23,'Bournemouth');
insert into team (id, name) values (24,'Brentford');
insert into team (id, name) values (25,'Brighton');
insert into team (id, name) values (26,'Chelsea');
insert into team (id, name) values (27,'Crystal Palace');
insert into team (id, name) values (28,'Everton');
insert into team (id, name) values (29,'Fulham');
insert into team (id, name) values (30,'Ipswich Town');
insert into team (id, name) values (31,'Leicester City');
insert into team (id, name) values (32,'Liverpool');
insert into team (id, name) values (33,'Manchester City');
insert into team (id, name) values (34,'Manchester United');
insert into team (id, name) values (35,'Newcastle United');
insert into team (id, name) values (36,'Nottingham Forest');
insert into team (id, name) values (37,'Southampton');
insert into team (id, name) values (38,'Tottenham Hotspur');
insert into team (id, name) values (39,'West Ham United');
insert into team (id, name) values (40,'Wolverhampton Wanderers');
insert into team (id, name) values (41,'AJ Auxerre');
insert into team (id, name) values (42,'Angers');
insert into team (id, name) values (43,'Le Havre AC');
insert into team (id, name) values (44,'Lens');
insert into team (id, name) values (45,'Lille');
insert into team (id, name) values (46,'Lyon');
insert into team (id, name) values (47,'Marseille');
insert into team (id, name) values (48,'Monaco');
insert into team (id, name) values (49,'Montpellier');
insert into team (id, name) values (50,'Nantes');
insert into team (id, name) values (51,'Nice');
insert into team (id, name) values (52,'PSG');
insert into team (id, name) values (53,'Reims');
insert into team (id, name) values (54,'Rennes');
insert into team (id, name) values (55,'St. Etienne');
insert into team (id, name) values (56,'Stade Brestois 29');
insert into team (id, name) values (57,'Strasbourg');
insert into team (id, name) values (58,'Toulouse');
insert into team (id, name) values (59,'Inter de Milán');
insert into team (id, name) values (60,'AC Milan');
insert into team (id, name) values (61,'Juventus de Turín');
insert into team (id, name) values (62,'Atalanta de Bérgamo');
insert into team (id, name) values (63,'Bolonia');
insert into team (id, name) values (64,'AS Roma');
insert into team (id, name) values (65,'SS Lazio');
insert into team (id, name) values (66,'Fiorentina');
insert into team (id, name) values (67,'Torino FC');
insert into team (id, name) values (68,'SSC Nápoles');
insert into team (id, name) values (69,'Génova');
insert into team (id, name) values (70,'AC Monza');
insert into team (id, name) values (71,'Hellas Verona');
insert into team (id, name) values (72,'US Lecce');
insert into team (id, name) values (73,'Udinese');
insert into team (id, name) values (74,'Cagliari');
insert into team (id, name) values (75,'FC Empoli');
insert into team (id, name) values (76,'Parma');
insert into team (id, name) values (77,'Como 1907');
insert into team (id, name) values (78,'Venezia FC');
insert into team (ID, name) values (79,'Bayer 04 Leverkusen');
insert into team (ID, name) values (80,'VfB Stuttgart');
insert into team (ID, name) values (81,'Bayern Múnich');
insert into team (ID, name) values (82,'RB Leipzig');
insert into team (ID, name) values (83,'Borussia Dortmund');
insert into team (ID, name) values (84,'Eintracht Fráncfort​​');
insert into team (ID, name) values (85,'TSG 1899 Hoffenheim');
insert into team (ID, name) values (86,'1.FC Heidenheim 1846');
insert into team (ID, name) values (87,'SV Werder Bremen');
insert into team (ID, name) values (88,'SC Friburgo');
insert into team (ID, name) values (89,'FC Augsburgo');
insert into team (ID, name) values (90,'VfL Wolfsburgo');
insert into team (ID, name) values (91,'1.FSV Mainz 05');
insert into team (ID, name) values (92,'Borussia Mönchengladbach');
insert into team (ID, name) values (93,'1.FC Unión Berlín');
insert into team (ID, name) values (94,'VfL Bochum');
insert into team (ID, name) values (95,'FC St. Pauli');
insert into team (ID, name) values (96,'Holstein Kiel');


-- Competitions
INSERT INTO competition (id, name, region) VALUES
(2, 'Premier League', 'England'),
(3, 'La Liga', 'Spain'),
(4, 'Serie A', 'Italy'),
(6, 'Infierno', 'Spain'),
(1, 'UEFA Champions League', 'Europe'),
(10, 'Ligue 1', 'France'),
(11, 'Bundesliga', 'Germany');

-- Team in competition
insert into team_competition (team_id, competition_id) values (1, 3);
insert into team_competition (team_id, competition_id) values (2, 3);
insert into team_competition (team_id, competition_id) values (3, 3);
insert into team_competition (team_id, competition_id) values (4, 3);
insert into team_competition (team_id, competition_id) values (5, 3);
insert into team_competition (team_id, competition_id) values (6, 3);
insert into team_competition (team_id, competition_id) values (7, 3);
insert into team_competition (team_id, competition_id) values (8, 3);
insert into team_competition (team_id, competition_id) values (9, 3);
insert into team_competition (team_id, competition_id) values (10, 3);
insert into team_competition (team_id, competition_id) values (11, 3);
insert into team_competition (team_id, competition_id) values (12, 3);
insert into team_competition (team_id, competition_id) values (13, 3);
insert into team_competition (team_id, competition_id) values (14, 3);
insert into team_competition (team_id, competition_id) values (15, 3);
insert into team_competition (team_id, competition_id) values (16, 3);
insert into team_competition (team_id, competition_id) values (17, 3);
insert into team_competition (team_id, competition_id) values (18, 3);
insert into team_competition (team_id, competition_id) values (19, 3);
insert into team_competition (team_id, competition_id) values (20, 3);
insert into team_competition (team_id, competition_id) values (21, 2);
insert into team_competition (team_id, competition_id) values (22, 2);
insert into team_competition (team_id, competition_id) values (23, 2);
insert into team_competition (team_id, competition_id) values (24, 2);
insert into team_competition (team_id, competition_id) values (25, 2);
insert into team_competition (team_id, competition_id) values (26, 2);
insert into team_competition (team_id, competition_id) values (27, 2);
insert into team_competition (team_id, competition_id) values (28, 2);
insert into team_competition (team_id, competition_id) values (29, 2);
insert into team_competition (team_id, competition_id) values (30, 2);
insert into team_competition (team_id, competition_id) values (31, 2);
insert into team_competition (team_id, competition_id) values (32, 2);
insert into team_competition (team_id, competition_id) values (33, 2);
insert into team_competition (team_id, competition_id) values (34, 2);
insert into team_competition (team_id, competition_id) values (35, 2);
insert into team_competition (team_id, competition_id) values (36, 2);
insert into team_competition (team_id, competition_id) values (37, 2);
insert into team_competition (team_id, competition_id) values (38, 2);
insert into team_competition (team_id, competition_id) values (39, 2);
insert into team_competition (team_id, competition_id) values (40, 2);
insert into team_competition (team_id, competition_id) values (41, 10);
insert into team_competition (team_id, competition_id) values (42, 10);
insert into team_competition (team_id, competition_id) values (43, 10);
insert into team_competition (team_id, competition_id) values (44, 10);
insert into team_competition (team_id, competition_id) values (45, 10);
insert into team_competition (team_id, competition_id) values (46, 10);
insert into team_competition (team_id, competition_id) values (47, 10);
insert into team_competition (team_id, competition_id) values (48, 10);
insert into team_competition (team_id, competition_id) values (49, 10);
insert into team_competition (team_id, competition_id) values (50, 10);
insert into team_competition (team_id, competition_id) values (51, 10);
insert into team_competition (team_id, competition_id) values (52, 10);
insert into team_competition (team_id, competition_id) values (53, 10);
insert into team_competition (team_id, competition_id) values (54, 10);
insert into team_competition (team_id, competition_id) values (55, 10);
insert into team_competition (team_id, competition_id) values (56, 10);
insert into team_competition (team_id, competition_id) values (57, 10);
insert into team_competition (team_id, competition_id) values (58, 10);
insert into team_competition (team_id, competition_id) values (59, 4);
insert into team_competition (team_id, competition_id) values (60, 4);
insert into team_competition (team_id, competition_id) values (61, 4);
insert into team_competition (team_id, competition_id) values (62, 4);
insert into team_competition (team_id, competition_id) values (63, 4);
insert into team_competition (team_id, competition_id) values (64, 4);
insert into team_competition (team_id, competition_id) values (65, 4);
insert into team_competition (team_id, competition_id) values (66, 4);
insert into team_competition (team_id, competition_id) values (67, 4);
insert into team_competition (team_id, competition_id) values (68, 4);
insert into team_competition (team_id, competition_id) values (69, 4);
insert into team_competition (team_id, competition_id) values (70, 4);
insert into team_competition (team_id, competition_id) values (71, 4);
insert into team_competition (team_id, competition_id) values (72, 4);
insert into team_competition (team_id, competition_id) values (73, 4);
insert into team_competition (team_id, competition_id) values (74, 4);
insert into team_competition (team_id, competition_id) values (75, 4);
insert into team_competition (team_id, competition_id) values (76, 4);
insert into team_competition (team_id, competition_id) values (77, 4);
insert into team_competition (team_id, competition_id) values (78, 4);
insert into team_competition (team_id, competition_id) values (79, 11);
insert into team_competition (team_id, competition_id) values (80, 11);
insert into team_competition (team_id, competition_id) values (81, 11);
insert into team_competition (team_id, competition_id) values (82, 11);
insert into team_competition (team_id, competition_id) values (83, 11);
insert into team_competition (team_id, competition_id) values (84, 11);
insert into team_competition (team_id, competition_id) values (85, 11);
insert into team_competition (team_id, competition_id) values (86, 11);
insert into team_competition (team_id, competition_id) values (87, 11);
insert into team_competition (team_id, competition_id) values (88, 11);
insert into team_competition (team_id, competition_id) values (89, 11);
insert into team_competition (team_id, competition_id) values (90, 11);
insert into team_competition (team_id, competition_id) values (91, 11);
insert into team_competition (team_id, competition_id) values (92, 11);
insert into team_competition (team_id, competition_id) values (93, 11);
insert into team_competition (team_id, competition_id) values (94, 11);
insert into team_competition (team_id, competition_id) values (95, 11);
insert into team_competition (team_id, competition_id) values (96, 11);
